CustomerID,Gender,Age,Tenure,ContractType,InternetService,TechSupport,MonthlyCharges,TotalCharges,Churn
1,Male,34,34,Month-to-Month,Fiber optic,0,93.74,3187.16,0
2,Female,26,11,One Year,Fiber optic,0,48.65,535.15,1
3,Male,50,41,Month-to-Month,Fiber optic,1,100.26,4110.66,0
4,Male,37,56,Month-to-Month,Fiber optic,1,119.72,6704.32,1
5,Male,30,3,One Year,DSL,1,23.0,69.0,0
6,Female,45,59,Two Years,No,0,109.74,6474.66,1
7,Male,65,28,Month-to-Month,Fiber optic,1,82.26,2303.28,0
8,Male,46,29,Month-to-Month,DSL,0,117.34,3402.86,1
9,Male,30,9,Month-to-Month,No,0,66.5,598.5,1
10,Female,63,3,Two Years,No,1,104.74,314.22,0
11,Male,52,25,Two Years,DSL,1,26.24,656.0,1
12,Male,23,34,One Year,DSL,0,53.53,1820.02,0
13,Male,35,12,Two Years,Fiber optic,0,26.7,320.4,0
14,Male,68,42,One Year,No,1,117.53,4936.26,0
15,Female,22,9,One Year,No,1,101.7,915.3,1
16,Male,64,15,Two Years,DSL,1,105.25,1578.75,1
17,Female,42,40,One Year,No,0,113.8,4552.0,0
18,Female,19,25,Two Years,Fiber optic,0,28.51,712.75,0
19,Female,27,5,One Year,No,0,58.56,292.8,1
20,Male,47,11,Two Years,DSL,0,27.1,298.1,1
21,Female,67,59,Two Years,DSL,0,41.08,2423.72,1
22,Male,62,34,One Year,Fiber optic,1,42.94,1459.96,0
23,Female,22,24,Month-to-Month,Fiber optic,1,66.91,1605.84,0
24,Female,50,15,One Year,No,0,46.86,702.9,0
25,Female,18,38,Two Years,No,0,30.1,1143.8,0
26,Female,35,8,Month-to-Month,DSL,1,36.75,294.0,0
27,Female,49,59,One Year,Fiber optic,1,34.73,2049.07,1
28,Female,64,5,One Year,Fiber optic,1,117.31,586.55,0
29,Female,66,48,One Year,Fiber optic,1,95.93,4604.64,1
30,Female,28,26,Month-to-Month,No,0,116.78,3036.28,1
31,Male,38,18,Two Years,Fiber optic,1,63.97,1151.46,0
32,Male,43,6,One Year,DSL,0,47.84,287.04,1
33,Female,42,37,One Year,DSL,1,99.83,3693.71,0
34,Female,39,48,One Year,No,1,52.63,2526.24,1
35,Female,44,13,One Year,No,1,49.94,649.22,0
36,Male,66,28,One Year,Fiber optic,0,43.25,1211.0,0
37,Female,30,5,Two Years,No,0,32.97,164.85,1
38,Male,50,13,Two Years,DSL,1,45.65,593.45,0
39,Male,51,17,One Year,Fiber optic,0,55.53,944.01,1
40,Male,58,50,Month-to-Month,DSL,0,87.4,4370.0,0
41,Male,52,40,Two Years,Fiber optic,1,26.26,1050.4,0
42,Male,18,45,Month-to-Month,No,1,41.05,1847.25,0
43,Female,38,32,Two Years,Fiber optic,0,100.9,3228.8,1
44,Female,65,29,One Year,Fiber optic,0,34.69,1006.01,1
45,Female,23,51,Two Years,DSL,0,54.26,2767.26,0
46,Female,45,58,One Year,DSL,1,106.47,6175.26,1
47,Female,34,3,Two Years,Fiber optic,1,35.49,106.47,0
48,Male,22,56,One Year,No,0,28.27,1583.12,1
49,Female,48,40,One Year,No,1,68.45,2738.0,1
50,Female,22,34,One Year,DSL,1,50.24,1708.16,0
51,Male,55,40,One Year,No,0,76.34,3053.6,0
52,Female,20,27,Month-to-Month,DSL,0,100.38,2710.26,0
53,Male,40,13,One Year,No,1,33.71,438.23,0
54,Female,54,45,Month-to-Month,Fiber optic,1,78.07,3513.15,0
55,Male,54,33,Month-to-Month,DSL,0,70.55,2328.15,1
56,Female,27,6,One Year,DSL,1,34.41,206.46,1
57,Female,27,24,Month-to-Month,Fiber optic,1,82.4,1977.6,0
58,Male,36,19,Two Years,DSL,0,47.36,899.84,0
59,Male,34,16,One Year,No,0,68.78,1100.48,0
60,Male,38,40,Month-to-Month,No,1,28.23,1129.2,1
61,Male,31,28,One Year,DSL,1,65.96,1846.88,0
62,Male,26,33,One Year,No,1,50.65,1671.45,0
63,Male,63,59,One Year,DSL,0,102.24,6032.16,1
64,Male,18,59,Month-to-Month,Fiber optic,1,25.7,1516.3,1
65,Male,68,48,Two Years,DSL,1,61.86,2969.28,1
66,Female,62,41,Two Years,Fiber optic,0,65.84,2699.44,1
67,Female,30,13,Month-to-Month,No,0,92.5,1202.5,0
68,Male,21,43,One Year,Fiber optic,1,77.43,3329.49,1
69,Female,18,45,Month-to-Month,No,0,86.72,3902.4,1
70,Female,66,25,Month-to-Month,DSL,0,97.7,2442.5,0
71,Female,57,53,Month-to-Month,No,1,106.22,5629.66,0
72,Female,49,42,One Year,DSL,0,51.39,2158.38,0
73,Male,51,36,Month-to-Month,DSL,0,73.8,2656.8,1
74,Female,45,27,One Year,Fiber optic,1,104.01,2808.27,0
75,Male,48,38,Month-to-Month,Fiber optic,0,118.95,4520.1,1
76,Female,25,7,Two Years,Fiber optic,1,108.95,762.65,1
77,Female,56,5,Month-to-Month,Fiber optic,1,57.15,285.75,1
78,Female,43,43,Month-to-Month,No,0,39.52,1699.36,0
79,Male,51,45,Two Years,No,0,68.94,3102.3,1
80,Female,20,58,One Year,No,0,94.16,5461.28,0
81,Male,67,57,One Year,DSL,1,69.26,3947.82,0
82,Female,29,51,Month-to-Month,No,0,68.32,3484.32,0
83,Male,18,31,Two Years,No,1,103.82,3218.42,1
84,Female,61,23,One Year,No,0,56.14,1291.22,1
85,Male,22,42,Month-to-Month,Fiber optic,0,105.98,4451.16,1
86,Male,47,10,Two Years,No,0,60.68,606.8,0
87,Female,47,32,One Year,DSL,1,52.82,1690.24,1
88,Male,34,43,One Year,Fiber optic,0,65.4,2812.2,1
89,Female,65,53,Two Years,DSL,0,96.24,5100.72,1
90,Female,64,30,Two Years,No,1,32.6,978.0,1
91,Female,40,39,Two Years,Fiber optic,1,39.64,1545.96,1
92,Female,32,31,Two Years,DSL,0,115.14,3569.34,0
93,Female,54,18,Month-to-Month,No,0,37.55,675.9,0
94,Female,38,36,Two Years,DSL,0,76.77,2763.72,0
95,Female,31,2,One Year,DSL,1,77.93,155.86,0
96,Female,19,14,One Year,DSL,1,68.96,965.44,1
97,Female,28,13,Month-to-Month,No,1,84.47,1098.11,0
98,Female,68,29,One Year,No,1,42.98,1246.42,1
99,Female,56,12,One Year,DSL,0,75.27,903.24,0
100,Male,55,39,Two Years,Fiber optic,1,57.22,2231.58,0
101,Male,51,2,One Year,Fiber optic,1,86.17,172.34,0
102,Female,55,32,Month-to-Month,No,1,34.12,1091.84,1
103,Female,67,13,Two Years,No,0,77.09,1002.17,1
104,Female,51,46,Two Years,No,0,38.53,1772.38,0
105,Female,35,27,Month-to-Month,No,1,47.86,1292.22,1
106,Female,47,49,Two Years,No,1,41.87,2051.63,0
107,Female,32,41,Two Years,Fiber optic,0,38.28,1569.48,0
108,Female,44,17,Month-to-Month,No,0,102.57,1743.69,0
109,Female,68,40,Two Years,DSL,0,48.57,1942.8,1
110,Male,51,31,Month-to-Month,DSL,0,112.71,3494.01,0
111,Female,69,34,Month-to-Month,Fiber optic,0,116.99,3977.66,0
112,Male,55,24,One Year,DSL,0,77.13,1851.12,0
113,Female,50,45,One Year,Fiber optic,0,34.3,1543.5,1
114,Female,41,35,Two Years,Fiber optic,0,57.45,2010.75,0
115,Male,32,48,Two Years,DSL,1,99.77,4788.96,1
116,Female,47,6,Month-to-Month,No,1,56.74,340.44,0
117,Male,59,19,Two Years,DSL,1,28.7,545.3,1
118,Female,68,30,Month-to-Month,DSL,1,75.68,2270.4,0
119,Female,34,7,Month-to-Month,Fiber optic,1,104.51,731.57,0
120,Male,22,10,Two Years,DSL,1,99.59,995.9,1
121,Female,46,41,Month-to-Month,Fiber optic,0,37.51,1537.91,1
122,Male,21,32,One Year,No,0,87.28,2792.96,0
123,Female,27,34,Two Years,No,1,42.05,1429.7,1
124,Male,34,28,One Year,No,1,41.82,1170.96,0
125,Male,27,15,Two Years,DSL,0,107.41,1611.15,0
126,Female,34,30,Month-to-Month,Fiber optic,0,44.97,1349.1,0
127,Female,37,37,Two Years,No,0,46.32,1713.84,1
128,Male,41,29,One Year,Fiber optic,1,20.07,582.03,0
129,Female,22,22,Month-to-Month,Fiber optic,0,107.07,2355.54,1
130,Female,51,4,Two Years,No,1,99.26,397.04,0
131,Female,23,20,Two Years,No,1,82.73,1654.6,1
132,Male,19,32,Two Years,Fiber optic,0,95.03,3040.96,1
133,Male,30,36,One Year,No,0,35.2,1267.2,0
134,Male,60,50,One Year,Fiber optic,1,65.83,3291.5,1
135,Male,60,4,Two Years,Fiber optic,0,55.12,220.48,0
136,Male,65,27,Month-to-Month,No,0,29.38,793.26,0
137,Male,28,17,Month-to-Month,DSL,1,68.61,1166.37,0
138,Male,68,12,One Year,No,0,112.07,1344.84,0
139,Male,64,22,Month-to-Month,DSL,1,24.01,528.22,0
140,Male,40,17,One Year,Fiber optic,1,49.15,835.55,1
141,Female,33,10,Two Years,Fiber optic,0,40.75,407.5,0
142,Male,48,54,One Year,DSL,1,43.81,2365.74,1
143,Female,28,1,One Year,Fiber optic,1,110.84,110.84,1
144,Female,33,22,Two Years,DSL,0,66.81,1469.82,0
145,Female,25,26,Month-to-Month,DSL,0,66.63,1732.38,1
146,Male,21,56,One Year,Fiber optic,0,96.06,5379.36,0
147,Male,57,59,One Year,DSL,1,35.45,2091.55,1
148,Male,21,18,Two Years,No,1,68.73,1237.14,1
149,Male,42,50,Month-to-Month,No,0,63.0,3150.0,1
150,Female,20,14,One Year,Fiber optic,1,79.69,1115.66,0
151,Male,49,47,Two Years,Fiber optic,0,119.96,5638.12,1
152,Male,20,29,One Year,DSL,0,96.94,2811.26,0
153,Male,44,12,Two Years,DSL,1,59.79,717.48,1
154,Male,46,36,Month-to-Month,DSL,0,102.76,3699.36,1
155,Male,49,59,Month-to-Month,DSL,1,37.07,2187.13,1
156,Female,67,35,Month-to-Month,No,1,23.05,806.75,1
157,Male,68,52,Month-to-Month,No,0,40.44,2102.88,0
158,Female,36,12,One Year,Fiber optic,1,54.04,648.48,0
159,Male,38,7,One Year,DSL,0,71.06,497.42,1
160,Female,22,29,Month-to-Month,DSL,1,81.51,2363.79,1
161,Male,35,11,Month-to-Month,Fiber optic,1,111.06,1221.66,0
162,Male,45,33,Month-to-Month,DSL,1,70.99,2342.67,0
163,Female,59,6,One Year,DSL,0,70.13,420.78,0
164,Female,39,47,Month-to-Month,DSL,1,25.02,1175.94,0
165,Female,38,15,Month-to-Month,DSL,0,23.49,352.35,1
166,Male,23,32,Month-to-Month,DSL,1,75.12,2403.84,1
167,Female,18,51,Two Years,Fiber optic,1,63.82,3254.82,0
168,Male,22,11,Month-to-Month,DSL,0,103.92,1143.12,0
169,Male,58,58,Two Years,Fiber optic,0,36.07,2092.06,0
170,Female,29,23,Two Years,DSL,0,22.5,517.5,0
171,Female,43,26,Month-to-Month,No,0,64.9,1687.4,0
172,Male,63,34,Two Years,No,0,43.75,1487.5,0
173,Male,51,46,Month-to-Month,No,1,24.96,1148.16,1
174,Female,66,34,One Year,No,1,92.46,3143.64,1
175,Female,31,29,One Year,Fiber optic,0,31.16,903.64,1
176,Female,43,4,One Year,Fiber optic,1,80.83,323.32,0
177,Male,62,17,One Year,DSL,1,48.1,817.7,0
178,Male,44,35,Two Years,No,1,37.35,1307.25,0
179,Male,26,13,Month-to-Month,Fiber optic,0,57.98,753.74,1
180,Male,43,41,Month-to-Month,DSL,1,100.14,4105.74,0
181,Male,64,39,Month-to-Month,DSL,1,59.21,2309.19,0
182,Male,39,15,One Year,Fiber optic,1,95.08,1426.2,1
183,Female,64,55,One Year,No,0,32.55,1790.25,0
184,Male,47,29,Month-to-Month,DSL,1,97.28,2821.12,1
185,Male,60,29,One Year,No,1,43.69,1267.01,1
186,Male,65,11,Month-to-Month,No,0,87.74,965.14,0
187,Female,34,52,Month-to-Month,No,0,76.58,3982.16,1
188,Male,43,32,Month-to-Month,DSL,1,112.91,3613.12,0
189,Male,53,2,Month-to-Month,No,1,58.73,117.46,1
190,Female,18,47,Month-to-Month,DSL,0,26.62,1251.14,0
191,Male,25,14,Month-to-Month,No,0,21.92,306.88,1
192,Male,66,20,Month-to-Month,DSL,0,102.69,2053.8,0
193,Male,52,22,One Year,No,0,72.47,1594.34,1
194,Male,69,11,Month-to-Month,Fiber optic,0,97.52,1072.72,1
195,Male,32,27,Month-to-Month,No,0,43.44,1172.88,1
196,Female,64,3,One Year,No,0,54.51,163.53,0
197,Female,39,17,One Year,DSL,1,23.01,391.17,0
198,Female,31,44,One Year,DSL,0,116.15,5110.6,1
199,Male,43,56,Month-to-Month,No,0,86.79,4860.24,0
200,Male,45,28,Two Years,Fiber optic,1,113.32,3172.96,1
201,Male,40,29,Two Years,Fiber optic,0,46.55,1349.95,0
202,Female,31,21,One Year,DSL,0,81.15,1704.15,1
203,Male,41,47,Two Years,Fiber optic,1,87.85,4128.95,0
204,Male,19,16,One Year,No,0,51.75,828.0,1
205,Female,62,37,Month-to-Month,DSL,1,104.81,3877.97,1
206,Male,43,59,Two Years,No,1,114.72,6768.48,1
207,Female,31,20,Month-to-Month,DSL,1,108.49,2169.8,1
208,Female,68,6,Two Years,DSL,1,93.91,563.46,0
209,Female,24,19,Month-to-Month,DSL,0,47.75,907.25,1
210,Male,20,57,Two Years,DSL,1,48.16,2745.12,0
211,Male,64,5,Month-to-Month,Fiber optic,1,116.34,581.7,0
212,Male,40,3,Month-to-Month,No,0,21.03,63.09,1
213,Male,63,59,Two Years,No,1,91.6,5404.4,0
214,Male,60,1,Month-to-Month,No,1,90.62,90.62,0
215,Male,64,58,Month-to-Month,DSL,1,82.27,4771.66,0
216,Male,62,38,Month-to-Month,Fiber optic,1,119.01,4522.38,1
217,Female,35,15,Two Years,No,0,51.19,767.85,0
218,Male,55,34,Two Years,Fiber optic,1,54.0,1836.0,0
219,Female,52,35,Month-to-Month,DSL,0,27.89,976.15,1
220,Male,68,49,Month-to-Month,No,0,64.28,3149.72,1
221,Male,32,25,Two Years,Fiber optic,1,46.1,1152.5,0
222,Male,42,24,Two Years,DSL,1,54.34,1304.16,1
223,Female,54,12,Month-to-Month,Fiber optic,1,103.46,1241.52,0
224,Female,45,18,Month-to-Month,No,1,113.55,2043.9,0
225,Female,27,15,Month-to-Month,No,0,38.57,578.55,0
226,Female,56,44,One Year,DSL,0,57.25,2519.0,1
227,Male,34,16,Two Years,DSL,0,112.86,1805.76,0
228,Female,56,27,One Year,DSL,1,26.18,706.86,1
229,Male,39,8,Two Years,Fiber optic,0,29.24,233.92,1
230,Male,43,46,Two Years,Fiber optic,1,36.28,1668.88,0
231,Female,61,25,Two Years,Fiber optic,1,79.52,1988.0,1
232,Female,42,17,Two Years,DSL,1,35.05,595.85,1
233,Female,34,29,Two Years,No,1,116.81,3387.49,1
234,Female,30,53,Two Years,No,1,64.67,3427.51,1
235,Female,37,8,Two Years,Fiber optic,0,70.15,561.2,1
236,Female,42,15,One Year,Fiber optic,0,44.67,670.05,0
237,Female,21,27,Month-to-Month,No,1,67.1,1811.7,1
238,Female,27,46,Month-to-Month,No,0,86.19,3964.74,0
239,Male,20,50,One Year,Fiber optic,1,95.12,4756.0,0
240,Female,58,52,One Year,Fiber optic,1,95.39,4960.28,0
241,Female,62,7,One Year,No,1,77.79,544.53,0
242,Male,35,3,One Year,DSL,0,110.44,331.32,0
243,Female,64,29,Two Years,Fiber optic,1,101.74,2950.46,0
244,Male,53,44,Month-to-Month,No,1,95.7,4210.8,1
245,Male,64,53,Two Years,No,0,25.56,1354.68,1
246,Female,39,24,Month-to-Month,No,0,20.69,496.56,1
247,Male,51,58,Month-to-Month,No,0,41.24,2391.92,0
248,Male,64,3,One Year,DSL,1,86.35,259.05,1
249,Male,25,20,Two Years,No,1,61.12,1222.4,1
250,Male,57,46,One Year,Fiber optic,0,60.24,2771.04,1
251,Female,66,15,Two Years,DSL,1,108.46,1626.9,0
252,Male,61,25,Month-to-Month,No,0,109.56,2739.0,1
253,Female,36,30,One Year,DSL,0,110.92,3327.6,0
254,Male,59,14,One Year,Fiber optic,1,51.39,719.46,1
255,Male,58,7,Month-to-Month,No,1,89.11,623.77,0
256,Male,54,17,Month-to-Month,Fiber optic,0,47.16,801.72,0
257,Male,23,44,Month-to-Month,No,0,39.06,1718.64,0
258,Female,69,20,One Year,No,0,38.46,769.2,1
259,Female,43,36,Two Years,No,0,54.21,1951.56,1
260,Male,51,9,One Year,No,1,63.0,567.0,0
261,Male,62,38,Two Years,No,0,103.09,3917.42,1
262,Female,23,48,One Year,DSL,0,31.99,1535.52,0
263,Male,54,57,One Year,No,0,93.49,5328.93,0
264,Male,50,22,Month-to-Month,No,1,73.15,1609.3,1
265,Male,39,54,Two Years,DSL,1,48.79,2634.66,1
266,Female,38,53,One Year,DSL,0,69.28,3671.84,1
267,Female,23,53,One Year,DSL,1,49.99,2649.47,0
268,Female,23,2,Month-to-Month,DSL,1,79.61,159.22,0
269,Male,65,24,Month-to-Month,DSL,1,63.38,1521.12,1
270,Male,21,8,Two Years,DSL,0,36.44,291.52,0
271,Female,47,11,One Year,No,0,31.66,348.26,1
272,Female,28,13,Two Years,No,1,74.67,970.71,0
273,Female,47,17,One Year,Fiber optic,0,110.24,1874.08,1
274,Female,48,8,Two Years,No,0,54.4,435.2,1
275,Male,41,21,Month-to-Month,No,1,93.3,1959.3,0
276,Female,26,18,One Year,DSL,1,85.87,1545.66,1
277,Male,20,30,Two Years,DSL,0,113.16,3394.8,1
278,Female,68,18,Month-to-Month,No,1,102.1,1837.8,0
279,Male,48,46,Month-to-Month,Fiber optic,0,76.66,3526.36,1
280,Female,57,47,Two Years,DSL,0,85.7,4027.9,0
281,Female,54,31,One Year,No,1,109.84,3405.04,1
282,Female,53,38,One Year,No,0,59.95,2278.1,0
283,Female,41,32,Month-to-Month,Fiber optic,0,52.68,1685.76,1
284,Male,48,11,One Year,Fiber optic,1,21.08,231.88,1
285,Female,23,45,One Year,DSL,1,102.66,4619.7,1
286,Male,19,25,One Year,Fiber optic,1,100.1,2502.5,1
287,Male,37,33,Month-to-Month,No,0,30.45,1004.85,0
288,Male,45,38,Two Years,No,1,77.69,2952.22,0
289,Male,28,41,One Year,Fiber optic,1,66.4,2722.4,0
290,Female,21,8,Month-to-Month,Fiber optic,1,31.87,254.96,0
291,Male,32,11,Month-to-Month,Fiber optic,1,118.06,1298.66,0
292,Male,23,22,Two Years,Fiber optic,0,41.47,912.34,0
293,Male,66,51,One Year,DSL,0,26.72,1362.72,0
294,Female,47,24,One Year,Fiber optic,1,79.48,1907.52,1
295,Female,55,41,Two Years,DSL,0,93.89,3849.49,1
296,Female,68,17,Two Years,No,1,23.24,395.08,1
297,Female,19,12,Month-to-Month,Fiber optic,1,85.87,1030.44,1
298,Male,32,57,Month-to-Month,DSL,0,73.23,4174.11,0
299,Male,28,46,Two Years,Fiber optic,0,30.33,1395.18,0
300,Female,25,32,One Year,No,1,37.25,1192.0,0
301,Male,43,15,Month-to-Month,No,1,76.8,1152.0,1
302,Male,68,16,Month-to-Month,No,0,49.64,794.24,0
303,Male,62,54,One Year,Fiber optic,1,113.83,6146.82,1
304,Female,61,22,Month-to-Month,Fiber optic,0,101.87,2241.14,0
305,Female,22,28,One Year,DSL,1,118.36,3314.08,0
306,Male,23,20,One Year,No,1,45.97,919.4,0
307,Female,43,33,One Year,Fiber optic,0,116.97,3860.01,0
308,Female,21,10,Two Years,No,0,63.12,631.2,1
309,Female,36,40,Two Years,No,0,54.75,2190.0,1
310,Female,37,32,Two Years,DSL,0,25.03,800.96,0
311,Female,50,50,One Year,DSL,0,25.28,1264.0,1
312,Male,37,33,One Year,DSL,0,89.2,2943.6,0
313,Female,66,2,Two Years,DSL,0,65.79,131.58,0
314,Male,29,33,Month-to-Month,No,1,42.65,1407.45,0
315,Male,64,33,One Year,DSL,1,81.4,2686.2,0
316,Female,18,41,Month-to-Month,DSL,1,45.29,1856.89,1
317,Male,43,13,Month-to-Month,DSL,0,77.76,1010.88,0
318,Male,31,30,One Year,DSL,0,55.92,1677.6,0
319,Male,55,33,One Year,No,0,102.36,3377.88,1
320,Female,54,13,Month-to-Month,DSL,1,102.07,1326.91,0
321,Female,28,52,Month-to-Month,No,0,67.74,3522.48,1
322,Male,53,26,Two Years,Fiber optic,0,55.08,1432.08,0
323,Female,30,22,Two Years,No,1,56.26,1237.72,0
324,Female,60,39,One Year,No,0,100.57,3922.23,0
325,Female,20,2,Two Years,DSL,1,52.82,105.64,0
326,Female,50,38,Two Years,Fiber optic,1,40.91,1554.58,0
327,Male,23,39,Two Years,Fiber optic,0,28.47,1110.33,0
328,Male,67,26,Two Years,Fiber optic,0,66.67,1733.42,1
329,Female,27,46,Month-to-Month,Fiber optic,0,68.21,3137.66,0
330,Female,22,58,One Year,No,1,104.09,6037.22,1
331,Male,40,50,Two Years,Fiber optic,1,42.12,2106.0,1
332,Male,27,15,Month-to-Month,No,1,58.1,871.5,0
333,Female,61,34,Month-to-Month,No,0,100.84,3428.56,1
334,Male,19,42,Month-to-Month,No,0,102.36,4299.12,0
335,Female,30,55,Two Years,Fiber optic,0,58.46,3215.3,1
336,Female,57,44,Two Years,DSL,0,65.91,2900.04,0
337,Male,19,49,One Year,DSL,1,50.33,2466.17,1
338,Male,37,40,Two Years,Fiber optic,1,113.26,4530.4,1
339,Female,18,11,Two Years,DSL,1,31.86,350.46,0
340,Female,54,3,Month-to-Month,DSL,1,113.37,340.11,1
341,Male,26,59,One Year,No,0,88.39,5215.01,0
342,Female,34,6,Two Years,No,0,73.16,438.96,0
343,Male,26,9,Two Years,Fiber optic,0,23.27,209.43,0
344,Female,28,6,Month-to-Month,Fiber optic,1,67.56,405.36,0
345,Male,32,9,Month-to-Month,DSL,1,60.77,546.93,0
346,Male,41,39,Two Years,No,0,36.12,1408.68,1
347,Male,55,31,One Year,Fiber optic,0,85.64,2654.84,1
348,Female,52,32,One Year,Fiber optic,1,117.12,3747.84,1
349,Female,47,41,Month-to-Month,Fiber optic,0,76.22,3125.02,0
350,Male,48,50,Month-to-Month,Fiber optic,1,91.48,4574.0,1
351,Female,66,12,Two Years,Fiber optic,1,26.85,322.2,1
352,Male,22,8,Month-to-Month,Fiber optic,1,61.77,494.16,1
353,Male,61,8,Two Years,DSL,0,31.64,253.12,1
354,Female,67,50,One Year,No,0,81.28,4064.0,1
355,Female,31,28,One Year,No,1,113.85,3187.8,0
356,Male,28,20,Two Years,Fiber optic,0,86.18,1723.6,0
357,Female,26,47,Month-to-Month,No,1,27.68,1300.96,1
358,Female,51,59,One Year,No,1,55.47,3272.73,0
359,Male,29,7,Month-to-Month,No,1,75.07,525.49,0
360,Male,52,11,One Year,Fiber optic,1,60.32,663.52,1
361,Female,52,20,Two Years,Fiber optic,0,103.36,2067.2,1
362,Male,18,16,Two Years,No,1,101.47,1623.52,0
363,Male,57,4,Two Years,No,1,81.18,324.72,1
364,Female,39,6,One Year,Fiber optic,0,57.35,344.1,0
365,Male,46,58,Month-to-Month,DSL,1,45.53,2640.74,0
366,Male,25,22,Month-to-Month,No,1,30.59,672.98,1
367,Female,28,26,Month-to-Month,DSL,0,55.49,1442.74,0
368,Female,58,3,One Year,No,0,61.32,183.96,0
369,Male,54,41,One Year,DSL,0,87.58,3590.78,0
370,Male,31,42,One Year,DSL,1,85.82,3604.44,1
371,Female,47,14,One Year,DSL,0,27.01,378.14,1
372,Female,52,11,One Year,Fiber optic,0,59.53,654.83,1
373,Female,38,18,Month-to-Month,DSL,1,38.18,687.24,1
374,Female,54,54,One Year,DSL,1,35.68,1926.72,0
375,Male,22,12,One Year,DSL,1,102.73,1232.76,1
376,Female,36,23,Month-to-Month,No,1,24.19,556.37,1
377,Female,31,12,One Year,DSL,1,61.92,743.04,1
378,Male,43,13,Month-to-Month,No,0,36.82,478.66,1
379,Female,21,25,Month-to-Month,DSL,0,107.93,2698.25,0
380,Male,42,45,Two Years,DSL,0,75.7,3406.5,0
381,Female,62,51,Two Years,Fiber optic,1,43.14,2200.14,0
382,Female,59,58,Two Years,No,1,70.24,4073.92,1
383,Female,42,19,Two Years,DSL,1,93.15,1769.85,1
384,Male,35,55,One Year,No,0,115.81,6369.55,0
385,Male,57,46,Two Years,No,0,42.04,1933.84,1
386,Female,25,36,Month-to-Month,Fiber optic,1,108.62,3910.32,1
387,Male,56,45,One Year,Fiber optic,0,113.43,5104.35,0
388,Male,57,8,Two Years,Fiber optic,1,111.64,893.12,0
389,Male,31,29,Month-to-Month,Fiber optic,0,83.54,2422.66,1
390,Male,49,55,One Year,Fiber optic,0,82.98,4563.9,1
391,Male,68,53,One Year,Fiber optic,0,60.32,3196.96,1
392,Male,55,55,Two Years,Fiber optic,1,95.24,5238.2,0
393,Female,50,32,One Year,Fiber optic,0,73.13,2340.16,0
394,Female,40,51,Month-to-Month,DSL,0,87.74,4474.74,0
395,Male,32,44,One Year,No,1,62.85,2765.4,0
396,Female,50,18,Month-to-Month,Fiber optic,0,93.15,1676.7,1
397,Female,42,6,One Year,Fiber optic,1,102.45,614.7,0
398,Female,34,18,Two Years,No,1,34.64,623.52,0
399,Female,50,19,Month-to-Month,DSL,1,103.29,1962.51,1
400,Male,64,22,One Year,No,1,74.03,1628.66,1
401,Female,19,37,One Year,No,1,104.47,3865.39,1
402,Female,31,32,One Year,Fiber optic,0,63.13,2020.16,0
403,Male,57,56,Month-to-Month,No,1,57.9,3242.4,1
404,Male,57,41,Month-to-Month,No,1,111.51,4571.91,1
405,Female,68,59,Month-to-Month,Fiber optic,1,45.12,2662.08,0
406,Female,56,3,Two Years,Fiber optic,1,104.42,313.26,0
407,Female,68,28,Two Years,Fiber optic,0,68.4,1915.2,1
408,Female,23,10,Month-to-Month,Fiber optic,1,71.41,714.1,0
409,Female,23,51,One Year,No,0,50.85,2593.35,1
410,Female,20,35,Two Years,No,1,77.3,2705.5,1
411,Male,24,29,Month-to-Month,DSL,0,52.52,1523.08,0
412,Female,68,54,One Year,DSL,1,23.93,1292.22,1
413,Female,25,15,Two Years,No,1,47.2,708.0,0
414,Male,59,33,One Year,DSL,0,20.64,681.12,0
415,Male,69,7,One Year,No,1,117.84,824.88,0
416,Male,32,12,One Year,DSL,0,116.57,1398.84,1
417,Male,64,49,One Year,Fiber optic,1,59.52,2916.48,0
418,Female,46,30,Two Years,DSL,0,92.84,2785.2,0
419,Female,50,21,Two Years,Fiber optic,1,54.58,1146.18,1
420,Female,69,31,Two Years,Fiber optic,1,87.11,2700.41,1
421,Female,47,58,Month-to-Month,Fiber optic,0,100.54,5831.32,1
422,Female,56,24,Two Years,Fiber optic,1,114.68,2752.32,1
423,Female,44,20,One Year,DSL,1,60.02,1200.4,0
424,Male,53,37,Two Years,No,1,98.33,3638.21,0
425,Female,46,4,One Year,Fiber optic,1,46.59,186.36,0
426,Male,55,28,Month-to-Month,DSL,1,119.03,3332.84,1
427,Male,50,44,One Year,Fiber optic,1,22.58,993.52,1
428,Female,54,20,One Year,DSL,0,80.35,1607.0,0
429,Male,44,24,One Year,DSL,0,85.95,2062.8,1
430,Female,50,50,Month-to-Month,DSL,0,88.8,4440.0,1
431,Male,21,49,Two Years,No,1,32.04,1569.96,0
432,Female,39,51,Two Years,DSL,0,113.85,5806.35,0
433,Male,19,32,Month-to-Month,DSL,1,38.12,1219.84,1
434,Female,27,41,One Year,No,1,82.28,3373.48,1
435,Female,22,36,Two Years,No,1,42.27,1521.72,1
436,Female,27,58,Month-to-Month,DSL,1,50.72,2941.76,0
437,Female,50,53,Two Years,No,0,74.65,3956.45,0
438,Female,55,34,Month-to-Month,Fiber optic,1,61.72,2098.48,0
439,Male,30,36,One Year,Fiber optic,0,36.02,1296.72,0
440,Male,48,2,Two Years,No,1,37.09,74.18,0
441,Male,64,15,Month-to-Month,No,0,61.81,927.15,1
442,Female,53,34,Two Years,DSL,0,95.73,3254.82,1
443,Male,62,36,Two Years,No,0,109.8,3952.8,1
444,Female,41,6,Two Years,DSL,0,28.41,170.46,0
445,Female,69,39,Two Years,Fiber optic,0,59.31,2313.09,0
446,Male,32,42,Month-to-Month,No,0,30.02,1260.84,0
447,Male,46,51,One Year,DSL,1,21.66,1104.66,1
448,Female,25,51,Month-to-Month,DSL,0,86.17,4394.67,0
449,Male,22,58,Month-to-Month,Fiber optic,1,80.24,4653.92,0
450,Female,46,54,Month-to-Month,No,0,36.3,1960.2,1
451,Female,64,12,One Year,Fiber optic,1,43.38,520.56,0
452,Female,21,3,Two Years,DSL,0,22.37,67.11,1
453,Female,29,45,Two Years,DSL,0,103.49,4657.05,0
454,Female,62,18,Two Years,No,1,117.47,2114.46,0
455,Male,19,40,One Year,DSL,0,33.55,1342.0,1
456,Male,44,21,Two Years,No,0,43.15,906.15,1
457,Female,48,15,One Year,Fiber optic,0,106.84,1602.6,1
458,Female,68,33,Two Years,No,1,112.65,3717.45,1
459,Male,68,35,Two Years,No,0,61.96,2168.6,1
460,Male,53,26,Month-to-Month,DSL,1,25.06,651.56,1
461,Female,53,8,One Year,DSL,0,23.94,191.52,0
462,Male,43,36,Month-to-Month,No,0,77.39,2786.04,0
463,Female,60,48,Month-to-Month,DSL,1,59.29,2845.92,1
464,Male,44,30,Month-to-Month,DSL,0,22.87,686.1,0
465,Female,22,23,One Year,DSL,0,78.33,1801.59,1
466,Male,37,42,One Year,No,1,21.13,887.46,0
467,Female,28,44,Two Years,DSL,0,98.74,4344.56,1
468,Male,27,14,Month-to-Month,No,1,50.64,708.96,0
469,Male,57,14,Two Years,DSL,1,24.03,336.42,0
470,Female,55,2,Month-to-Month,Fiber optic,1,78.84,157.68,0
471,Male,23,55,One Year,DSL,0,59.77,3287.35,0
472,Female,25,37,One Year,DSL,1,117.38,4343.06,0
473,Male,40,5,One Year,No,1,74.42,372.1,1
474,Female,64,38,Month-to-Month,No,0,47.52,1805.76,1
475,Male,43,45,One Year,DSL,1,90.94,4092.3,1
476,Female,63,41,Month-to-Month,Fiber optic,0,47.15,1933.15,0
477,Male,60,54,Two Years,DSL,0,110.42,5962.68,1
478,Female,29,47,Month-to-Month,DSL,0,57.47,2701.09,0
479,Male,43,14,Two Years,Fiber optic,0,74.99,1049.86,0
480,Female,30,56,Month-to-Month,No,1,25.06,1403.36,0
481,Female,57,39,Two Years,DSL,1,62.61,2441.79,1
482,Female,35,25,One Year,No,1,103.24,2581.0,0
483,Male,42,20,Two Years,No,1,100.56,2011.2,1
484,Female,50,2,One Year,Fiber optic,1,42.43,84.86,1
485,Male,64,39,One Year,Fiber optic,0,42.61,1661.79,0
486,Female,57,6,Two Years,No,1,101.73,610.38,0
487,Male,60,17,Month-to-Month,DSL,1,113.04,1921.68,1
488,Female,29,59,Month-to-Month,No,1,29.54,1742.86,1
489,Male,61,25,Month-to-Month,DSL,0,65.01,1625.25,1
490,Male,53,57,Month-to-Month,DSL,0,53.75,3063.75,1
491,Female,65,28,Month-to-Month,Fiber optic,1,107.07,2997.96,1
492,Male,21,2,One Year,DSL,0,28.35,56.7,1
493,Male,22,35,Month-to-Month,DSL,1,41.11,1438.85,0
494,Female,54,37,One Year,No,1,95.25,3524.25,1
495,Male,25,5,One Year,Fiber optic,0,25.13,125.65,1
496,Male,59,1,One Year,DSL,0,69.25,69.25,1
497,Male,66,40,Two Years,DSL,1,64.21,2568.4,1
498,Female,45,12,Two Years,Fiber optic,1,53.44,641.28,0
499,Male,48,56,One Year,No,0,59.46,3329.76,0
500,Female,26,36,Two Years,Fiber optic,1,72.99,2627.64,1
501,Male,68,45,Month-to-Month,Fiber optic,0,36.14,1626.3,1
502,Male,46,23,Month-to-Month,DSL,1,77.2,1775.6,1
503,Male,31,47,One Year,DSL,0,100.54,4725.38,0
504,Female,57,31,Month-to-Month,No,1,96.02,2976.62,0
505,Male,58,11,One Year,DSL,1,35.39,389.29,0
506,Male,39,10,One Year,DSL,0,34.92,349.2,0
507,Female,28,3,Month-to-Month,Fiber optic,1,46.82,140.46,0
508,Male,40,54,Two Years,DSL,1,56.11,3029.94,0
509,Female,18,14,Month-to-Month,No,0,60.85,851.9,1
510,Female,63,16,Month-to-Month,Fiber optic,1,87.97,1407.52,0
511,Male,54,10,One Year,No,1,25.67,256.7,0
512,Female,38,29,One Year,Fiber optic,1,23.47,680.63,1
513,Male,43,10,One Year,DSL,0,59.19,591.9,0
514,Female,63,12,One Year,Fiber optic,0,89.72,1076.64,1
515,Female,53,30,Two Years,Fiber optic,0,39.34,1180.2,0
516,Male,40,41,Two Years,DSL,1,84.15,3450.15,1
517,Female,18,1,Two Years,DSL,1,45.98,45.98,1
518,Female,68,5,One Year,No,1,108.61,543.05,1
519,Female,57,20,One Year,No,1,109.57,2191.4,1
520,Female,32,8,One Year,DSL,0,49.73,397.84,1
521,Female,38,43,Two Years,DSL,1,43.0,1849.0,0
522,Male,64,12,One Year,DSL,1,61.13,733.56,0
523,Female,26,1,Month-to-Month,Fiber optic,1,44.05,44.05,1
524,Male,26,57,Month-to-Month,Fiber optic,0,87.24,4972.68,1
525,Female,27,54,One Year,Fiber optic,1,102.61,5540.94,1
526,Male,69,20,Month-to-Month,DSL,1,87.31,1746.2,0
527,Male,43,28,Month-to-Month,No,1,102.44,2868.32,1
528,Female,58,57,Two Years,DSL,1,59.7,3402.9,1
529,Female,52,43,One Year,Fiber optic,1,35.63,1532.09,1
530,Female,69,37,One Year,Fiber optic,0,93.8,3470.6,1
531,Male,42,47,Two Years,DSL,1,56.05,2634.35,0
532,Female,43,37,Month-to-Month,DSL,1,87.13,3223.81,1
533,Male,28,12,Month-to-Month,Fiber optic,1,47.06,564.72,1
534,Male,55,37,One Year,Fiber optic,1,28.12,1040.44,0
535,Male,19,49,Month-to-Month,Fiber optic,1,119.26,5843.74,1
536,Female,24,49,Two Years,DSL,1,35.62,1745.38,1
537,Female,35,56,Two Years,Fiber optic,1,118.84,6655.04,0
538,Male,44,44,One Year,Fiber optic,1,117.73,5180.12,0
539,Male,51,56,Two Years,No,1,99.38,5565.28,0
540,Female,44,28,Two Years,DSL,1,85.94,2406.32,1
541,Male,34,47,One Year,No,0,77.78,3655.66,1
542,Female,60,15,Two Years,No,0,106.61,1599.15,0
543,Male,61,6,Two Years,Fiber optic,0,48.94,293.64,0
544,Female,68,44,Two Years,DSL,0,66.77,2937.88,0
545,Male,41,59,Month-to-Month,Fiber optic,1,81.94,4834.46,1
546,Female,42,20,One Year,DSL,0,61.12,1222.4,1
547,Male,24,50,One Year,No,0,62.75,3137.5,0
548,Female,69,14,One Year,DSL,1,53.03,742.42,1
549,Female,23,2,Month-to-Month,Fiber optic,0,76.42,152.84,0
550,Male,41,9,Month-to-Month,Fiber optic,0,105.06,945.54,1
551,Male,50,37,One Year,Fiber optic,1,40.15,1485.55,1
552,Female,66,20,Month-to-Month,DSL,1,113.44,2268.8,1
553,Male,46,26,One Year,No,1,88.91,2311.66,1
554,Female,60,29,Month-to-Month,No,0,102.33,2967.57,0
555,Male,39,1,Two Years,DSL,0,75.62,75.62,1
556,Female,43,55,Two Years,Fiber optic,1,97.95,5387.25,1
557,Female,45,35,One Year,No,1,21.62,756.7,0
558,Female,67,6,Month-to-Month,Fiber optic,0,101.84,611.04,1
559,Female,38,37,Month-to-Month,DSL,1,24.01,888.37,0
560,Female,66,53,Two Years,Fiber optic,0,108.99,5776.47,0
561,Female,24,59,Two Years,No,1,119.2,7032.8,1
562,Male,34,5,Month-to-Month,No,1,49.41,247.05,1
563,Male,37,33,Month-to-Month,Fiber optic,0,41.03,1353.99,0
564,Male,58,49,Month-to-Month,DSL,1,96.54,4730.46,0
565,Female,66,51,Month-to-Month,Fiber optic,1,45.3,2310.3,0
566,Female,37,14,Month-to-Month,DSL,1,106.56,1491.84,1
567,Female,39,12,Month-to-Month,Fiber optic,0,30.28,363.36,0
568,Female,45,42,One Year,No,1,32.6,1369.2,0
569,Male,57,20,Month-to-Month,DSL,1,117.92,2358.4,0
570,Male,66,53,Two Years,DSL,1,87.38,4631.14,1
571,Female,24,50,One Year,DSL,1,104.69,5234.5,0
572,Male,18,24,Month-to-Month,No,1,52.43,1258.32,1
573,Male,49,59,Two Years,Fiber optic,1,87.65,5171.35,1
574,Female,30,43,One Year,No,0,79.42,3415.06,0
575,Male,47,34,Two Years,DSL,0,80.32,2730.88,1
576,Female,40,25,Month-to-Month,Fiber optic,1,88.25,2206.25,0
577,Male,68,50,Month-to-Month,No,0,77.54,3877.0,1
578,Female,36,29,Month-to-Month,DSL,0,62.91,1824.39,1
579,Female,49,57,Month-to-Month,DSL,1,47.59,2712.63,0
580,Female,47,39,One Year,No,0,96.86,3777.54,0
581,Female,46,31,One Year,No,0,42.63,1321.53,0
582,Male,66,56,Two Years,No,0,89.24,4997.44,1
583,Female,62,47,Month-to-Month,DSL,0,43.33,2036.51,1
584,Female,46,43,Two Years,No,0,82.53,3548.79,0
585,Female,47,50,One Year,DSL,0,94.71,4735.5,0
586,Male,33,23,Month-to-Month,No,0,41.87,963.01,1
587,Female,57,44,Month-to-Month,DSL,0,25.99,1143.56,1
588,Male,36,38,One Year,DSL,1,33.1,1257.8,1
589,Female,35,20,One Year,Fiber optic,1,80.6,1612.0,0
590,Male,18,23,One Year,No,0,104.94,2413.62,1
591,Male,31,45,One Year,No,0,24.5,1102.5,0
592,Female,68,52,One Year,DSL,1,93.42,4857.84,1
593,Male,64,16,Month-to-Month,DSL,0,54.13,866.08,1
594,Female,67,50,One Year,DSL,0,67.85,3392.5,0
595,Female,19,42,Month-to-Month,Fiber optic,1,112.89,4741.38,0
596,Female,45,55,Month-to-Month,Fiber optic,1,53.2,2926.0,0
597,Male,66,8,One Year,DSL,1,66.53,532.24,1
598,Male,67,50,One Year,No,0,21.37,1068.5,1
599,Female,47,21,Month-to-Month,No,0,28.16,591.36,1
600,Female,55,1,One Year,Fiber optic,1,45.86,45.86,0
601,Male,68,55,One Year,Fiber optic,1,22.79,1253.45,1
602,Female,21,8,One Year,DSL,0,83.14,665.12,0
603,Female,18,29,Two Years,No,1,62.64,1816.56,0
604,Female,25,32,Month-to-Month,DSL,0,74.81,2393.92,0
605,Male,46,38,Two Years,Fiber optic,0,37.46,1423.48,1
606,Male,56,5,One Year,No,1,49.59,247.95,1
607,Male,20,47,Two Years,No,1,86.38,4059.86,0
608,Female,49,22,One Year,Fiber optic,0,116.53,2563.66,1
609,Female,27,47,Two Years,DSL,1,25.04,1176.88,0
610,Female,27,34,One Year,DSL,1,109.04,3707.36,0
611,Male,36,1,Two Years,No,1,77.69,77.69,1
612,Female,63,55,Two Years,Fiber optic,1,76.39,4201.45,0
613,Female,51,55,Two Years,No,0,70.03,3851.65,0
614,Female,50,26,Month-to-Month,Fiber optic,0,26.94,700.44,1
615,Female,40,43,Two Years,DSL,0,28.99,1246.57,0
616,Male,45,10,Month-to-Month,Fiber optic,0,80.09,800.9,0
617,Male,49,30,One Year,DSL,1,54.1,1623.0,0
618,Female,67,50,Two Years,Fiber optic,1,111.73,5586.5,0
619,Male,24,18,One Year,No,0,60.66,1091.88,0
620,Male,46,17,One Year,DSL,0,34.33,583.61,0
621,Female,25,26,Two Years,No,1,91.47,2378.22,0
622,Female,18,8,Month-to-Month,No,0,49.34,394.72,1
623,Male,20,47,Two Years,DSL,0,72.55,3409.85,1
624,Female,41,40,One Year,DSL,1,89.78,3591.2,0
625,Male,40,49,One Year,No,0,110.03,5391.47,0
626,Female,25,12,Two Years,No,1,99.22,1190.64,1
627,Male,64,27,Month-to-Month,No,1,87.64,2366.28,1
628,Female,54,8,Month-to-Month,No,0,87.96,703.68,1
629,Male,20,25,One Year,DSL,1,114.59,2864.75,1
630,Male,68,46,One Year,DSL,0,49.58,2280.68,1
631,Male,50,4,Month-to-Month,No,1,20.11,80.44,0
632,Female,45,33,Two Years,Fiber optic,0,47.2,1557.6,1
633,Male,64,1,One Year,Fiber optic,0,41.79,41.79,1
634,Male,25,19,Month-to-Month,DSL,0,86.18,1637.42,1
635,Female,51,31,One Year,No,1,83.37,2584.47,0
636,Female,52,16,Two Years,No,1,79.35,1269.6,0
637,Male,49,14,Month-to-Month,DSL,0,21.62,302.68,0
638,Male,41,53,One Year,Fiber optic,1,92.88,4922.64,0
639,Female,31,48,Two Years,Fiber optic,0,52.35,2512.8,0
640,Female,49,5,One Year,Fiber optic,0,86.51,432.55,0
641,Female,63,41,Two Years,DSL,1,75.66,3102.06,1
642,Female,60,26,Two Years,Fiber optic,0,54.27,1411.02,0
643,Female,33,28,Month-to-Month,DSL,1,33.46,936.88,0
644,Male,21,2,Two Years,DSL,0,29.44,58.88,1
645,Female,69,50,One Year,No,1,103.15,5157.5,0
646,Male,54,6,Two Years,Fiber optic,0,111.84,671.04,1
647,Male,38,9,Two Years,DSL,0,84.98,764.82,1
648,Male,31,33,Month-to-Month,Fiber optic,1,30.34,1001.22,0
649,Female,48,41,Two Years,Fiber optic,0,60.2,2468.2,1
650,Male,65,25,Two Years,No,0,92.89,2322.25,1
651,Male,35,48,One Year,Fiber optic,1,97.98,4703.04,1
652,Female,24,13,Month-to-Month,No,0,31.82,413.66,1
653,Male,27,9,Month-to-Month,DSL,1,20.0,180.0,0
654,Male,24,53,Month-to-Month,Fiber optic,0,91.21,4834.13,1
655,Female,50,13,Two Years,DSL,1,55.66,723.58,0
656,Male,40,31,Month-to-Month,Fiber optic,0,45.45,1408.95,1
657,Male,38,41,Two Years,DSL,0,21.29,872.89,1
658,Male,36,11,Two Years,Fiber optic,0,74.03,814.33,1
659,Female,65,4,One Year,Fiber optic,1,105.12,420.48,0
660,Female,36,34,One Year,Fiber optic,1,115.76,3935.84,0
661,Female,53,38,One Year,Fiber optic,1,76.57,2909.66,0
662,Male,46,46,One Year,Fiber optic,1,71.45,3286.7,1
663,Male,35,4,One Year,Fiber optic,0,28.51,114.04,1
664,Female,19,38,Two Years,Fiber optic,0,74.89,2845.82,1
665,Male,18,19,Two Years,Fiber optic,1,58.0,1102.0,1
666,Male,64,6,Month-to-Month,Fiber optic,1,80.71,484.26,0
667,Female,22,34,Two Years,DSL,1,58.87,2001.58,1
668,Female,37,18,Two Years,No,0,44.03,792.54,0
669,Male,28,13,One Year,Fiber optic,1,29.5,383.5,1
670,Male,59,41,Two Years,No,1,51.49,2111.09,0
671,Male,19,23,One Year,Fiber optic,0,29.66,682.18,0
672,Female,20,19,Month-to-Month,Fiber optic,0,37.69,716.11,1
673,Female,40,45,Month-to-Month,DSL,1,118.73,5342.85,1
674,Female,29,11,Two Years,DSL,0,64.41,708.51,0
675,Female,37,1,Month-to-Month,No,1,73.19,73.19,1
676,Male,22,24,Two Years,DSL,0,107.36,2576.64,1
677,Female,54,54,Month-to-Month,DSL,1,119.56,6456.24,0
678,Female,55,7,One Year,No,1,78.27,547.89,0
679,Female,47,25,One Year,DSL,1,101.25,2531.25,0
680,Female,26,21,One Year,Fiber optic,1,52.69,1106.49,0
681,Female,51,15,One Year,No,0,50.57,758.55,1
682,Male,61,1,Two Years,No,0,60.27,60.27,0
683,Male,52,12,Month-to-Month,Fiber optic,0,87.25,1047.0,0
684,Female,69,58,Two Years,DSL,0,88.22,5116.76,0
685,Male,39,7,One Year,No,1,51.52,360.64,1
686,Female,61,15,Two Years,No,1,33.32,499.8,0
687,Female,41,21,Month-to-Month,Fiber optic,0,83.24,1748.04,1
688,Male,34,19,Two Years,Fiber optic,0,32.83,623.77,0
689,Male,27,29,Month-to-Month,DSL,0,77.85,2257.65,0
690,Female,47,25,Two Years,No,0,89.34,2233.5,1
691,Female,63,33,Month-to-Month,DSL,0,90.06,2971.98,0
692,Female,40,49,Month-to-Month,DSL,1,95.35,4672.15,0
693,Male,49,32,One Year,Fiber optic,1,107.29,3433.28,1
694,Female,34,49,Month-to-Month,No,1,70.0,3430.0,0
695,Female,67,35,One Year,No,0,93.02,3255.7,0
696,Female,68,44,One Year,No,0,81.92,3604.48,0
697,Male,34,38,One Year,Fiber optic,0,38.66,1469.08,0
698,Female,31,26,Two Years,Fiber optic,0,22.57,586.82,1
699,Female,26,11,Two Years,Fiber optic,1,48.45,532.95,0
700,Male,57,35,Two Years,Fiber optic,1,64.3,2250.5,1
701,Female,19,8,Two Years,Fiber optic,0,81.71,653.68,0
702,Female,62,46,Month-to-Month,No,1,105.0,4830.0,1
703,Male,42,14,Month-to-Month,DSL,1,39.62,554.68,0
704,Female,56,10,Two Years,No,0,32.55,325.5,1
705,Male,26,2,Month-to-Month,DSL,0,116.35,232.7,0
706,Male,39,46,Month-to-Month,Fiber optic,0,30.8,1416.8,1
707,Female,60,9,One Year,DSL,0,67.85,610.65,1
708,Female,63,3,One Year,No,0,78.56,235.68,0
709,Female,21,21,One Year,No,0,74.14,1556.94,1
710,Female,43,26,One Year,DSL,1,28.6,743.6,0
711,Male,46,8,Month-to-Month,Fiber optic,1,25.7,205.6,0
712,Female,62,48,Two Years,Fiber optic,0,30.55,1466.4,0
713,Male,51,2,Month-to-Month,No,1,78.56,157.12,0
714,Female,40,6,Month-to-Month,DSL,0,74.43,446.58,0
715,Female,54,28,Month-to-Month,Fiber optic,0,43.37,1214.36,1
716,Female,28,53,One Year,Fiber optic,0,83.78,4440.34,0
717,Male,23,29,One Year,No,0,102.01,2958.29,0
718,Female,35,26,One Year,Fiber optic,1,24.16,628.16,0
719,Female,38,25,Two Years,DSL,0,69.81,1745.25,0
720,Female,59,12,Month-to-Month,No,1,88.93,1067.16,0
721,Female,53,5,Two Years,No,0,45.23,226.15,0
722,Male,58,34,One Year,DSL,0,50.78,1726.52,1
723,Female,55,48,Two Years,No,0,81.36,3905.28,1
724,Male,51,37,Month-to-Month,Fiber optic,1,109.79,4062.23,0
725,Male,34,15,Month-to-Month,Fiber optic,0,100.99,1514.85,1
726,Male,54,44,One Year,DSL,0,78.31,3445.64,0
727,Male,42,36,One Year,Fiber optic,0,93.02,3348.72,0
728,Male,55,15,Two Years,DSL,1,56.48,847.2,0
729,Male,29,43,One Year,DSL,1,84.1,3616.3,0
730,Female,40,48,One Year,Fiber optic,1,66.62,3197.76,0
731,Male,59,23,Month-to-Month,DSL,0,38.99,896.77,1
732,Male,39,6,One Year,Fiber optic,1,90.17,541.02,1
733,Male,38,46,One Year,No,0,75.65,3479.9,1
734,Female,44,50,Month-to-Month,No,1,55.86,2793.0,1
735,Female,48,44,Month-to-Month,DSL,1,111.13,4889.72,0
736,Male,23,59,Two Years,Fiber optic,0,22.09,1303.31,1
737,Female,44,43,One Year,Fiber optic,1,51.58,2217.94,0
738,Male,57,45,Month-to-Month,No,0,25.69,1156.05,1
739,Male,51,21,Two Years,No,0,96.65,2029.65,1
740,Female,29,23,Two Years,Fiber optic,1,90.21,2074.83,1
741,Male,62,43,One Year,DSL,0,53.14,2285.02,1
742,Female,24,55,One Year,No,0,87.57,4816.35,0
743,Female,27,16,Two Years,DSL,1,59.59,953.44,1
744,Male,62,47,Month-to-Month,DSL,1,95.63,4494.61,1
745,Male,34,53,Two Years,No,0,65.42,3467.26,0
746,Female,43,15,One Year,DSL,1,61.23,918.45,0
747,Male,38,25,Month-to-Month,DSL,0,113.47,2836.75,1
748,Male,45,36,Month-to-Month,Fiber optic,0,45.09,1623.24,0
749,Male,63,11,Two Years,DSL,1,32.04,352.44,0
750,Female,19,51,One Year,Fiber optic,1,78.45,4000.95,0
751,Female,60,15,Two Years,No,1,116.93,1753.95,1
752,Male,18,4,Two Years,No,1,57.78,231.12,0
753,Female,68,21,Two Years,Fiber optic,0,26.2,550.2,1
754,Female,53,13,Month-to-Month,No,0,53.93,701.09,1
755,Female,68,22,Month-to-Month,DSL,1,70.59,1552.98,1
756,Female,43,19,One Year,DSL,1,36.19,687.61,1
757,Female,46,34,One Year,DSL,0,85.81,2917.54,0
758,Male,38,14,Two Years,No,0,119.77,1676.78,1
759,Male,28,4,Two Years,DSL,0,65.17,260.68,0
760,Male,57,48,Two Years,No,0,55.47,2662.56,1
761,Female,28,53,One Year,DSL,1,60.07,3183.71,0
762,Female,53,52,Month-to-Month,Fiber optic,0,31.51,1638.52,1
763,Male,66,46,Month-to-Month,No,0,108.33,4983.18,0
764,Female,56,27,Two Years,No,1,61.48,1659.96,1
765,Male,57,29,Two Years,DSL,0,58.73,1703.17,1
766,Male,52,47,Two Years,No,0,85.97,4040.59,0
767,Male,51,28,Two Years,No,1,64.2,1797.6,1
768,Female,64,35,One Year,Fiber optic,1,84.82,2968.7,1
769,Female,41,8,Month-to-Month,Fiber optic,1,26.14,209.12,1
770,Male,39,16,Two Years,DSL,0,101.37,1621.92,0
771,Male,22,42,One Year,Fiber optic,0,114.05,4790.1,1
772,Male,50,36,Two Years,DSL,1,84.88,3055.68,1
773,Male,53,30,Two Years,DSL,1,115.46,3463.8,0
774,Female,64,18,Month-to-Month,DSL,0,35.14,632.52,0
775,Female,37,2,Two Years,No,1,67.74,135.48,0
776,Male,36,49,Month-to-Month,Fiber optic,1,80.18,3928.82,0
777,Male,52,13,Month-to-Month,DSL,1,78.17,1016.21,0
778,Female,69,4,Month-to-Month,Fiber optic,0,60.15,240.6,1
779,Female,60,26,One Year,DSL,0,53.81,1399.06,1
780,Male,34,25,One Year,Fiber optic,0,32.68,817.0,1
781,Male,62,30,Month-to-Month,Fiber optic,0,59.17,1775.1,0
782,Male,60,11,Two Years,DSL,0,36.27,398.97,1
783,Female,51,7,Month-to-Month,No,0,93.44,654.08,0
784,Female,26,31,Two Years,Fiber optic,1,40.88,1267.28,0
785,Female,43,44,Month-to-Month,No,0,25.86,1137.84,1
786,Male,19,10,Two Years,No,0,75.24,752.4,0
787,Male,26,39,One Year,DSL,1,79.52,3101.28,0
788,Female,26,13,Two Years,DSL,0,107.19,1393.47,1
789,Female,57,31,Month-to-Month,DSL,0,77.7,2408.7,0
790,Male,34,7,One Year,Fiber optic,1,54.55,381.85,0
791,Female,18,56,Two Years,DSL,1,100.3,5616.8,1
792,Female,42,49,Two Years,DSL,1,74.03,3627.47,0
793,Male,60,42,Two Years,Fiber optic,0,27.93,1173.06,0
794,Female,57,42,Two Years,Fiber optic,1,76.59,3216.78,1
795,Male,59,56,Two Years,DSL,0,110.8,6204.8,1
796,Male,42,36,One Year,DSL,0,59.63,2146.68,1
797,Male,56,20,One Year,DSL,0,49.63,992.6,1
798,Male,52,4,One Year,DSL,0,34.35,137.4,0
799,Male,20,54,One Year,No,1,35.14,1897.56,0
800,Male,67,7,Month-to-Month,No,1,63.28,442.96,1
801,Male,54,54,One Year,DSL,0,79.57,4296.78,0
802,Female,61,1,Two Years,No,1,28.06,28.06,0
803,Male,61,44,Two Years,Fiber optic,0,113.96,5014.24,1
804,Male,68,56,One Year,No,0,95.51,5348.56,1
805,Female,47,45,Two Years,No,0,78.66,3539.7,0
806,Female,55,42,One Year,DSL,1,102.84,4319.28,1
807,Female,51,47,Two Years,No,0,28.02,1316.94,1
808,Male,29,59,Month-to-Month,No,0,67.68,3993.12,1
809,Female,36,13,Month-to-Month,No,1,83.01,1079.13,0
810,Male,54,55,One Year,No,1,102.87,5657.85,1
811,Male,61,22,One Year,Fiber optic,1,98.35,2163.7,0
812,Male,66,54,One Year,DSL,1,47.71,2576.34,0
813,Male,34,21,Two Years,DSL,0,114.09,2395.89,0
814,Female,27,22,One Year,Fiber optic,1,32.43,713.46,1
815,Female,66,28,Month-to-Month,No,0,107.51,3010.28,1
816,Male,64,9,Two Years,Fiber optic,1,117.09,1053.81,1
817,Male,29,26,One Year,No,1,37.72,980.72,1
818,Male,33,9,Two Years,Fiber optic,1,92.21,829.89,1
819,Female,41,15,Two Years,DSL,1,24.03,360.45,0
820,Male,36,10,One Year,DSL,1,60.54,605.4,0
821,Male,25,24,Two Years,DSL,1,71.63,1719.12,0
822,Female,48,58,Month-to-Month,No,0,78.06,4527.48,1
823,Female,38,57,Month-to-Month,No,1,113.59,6474.63,0
824,Male,34,42,Two Years,Fiber optic,1,87.23,3663.66,0
825,Female,40,8,One Year,Fiber optic,1,68.13,545.04,1
826,Female,54,24,Two Years,DSL,1,100.97,2423.28,1
827,Male,33,16,Month-to-Month,No,0,115.05,1840.8,0
828,Female,23,49,Two Years,Fiber optic,1,22.21,1088.29,0
829,Male,25,26,Two Years,No,1,118.25,3074.5,1
830,Female,42,27,Month-to-Month,No,1,28.61,772.47,1
831,Male,35,37,Two Years,DSL,1,101.44,3753.28,1
832,Male,42,4,Two Years,DSL,0,48.03,192.12,1
833,Male,29,50,One Year,No,1,33.22,1661.0,0
834,Female,32,24,One Year,No,0,63.99,1535.76,0
835,Male,43,19,Month-to-Month,No,1,84.4,1603.6,1
836,Female,58,36,Month-to-Month,No,0,58.1,2091.6,0
837,Male,62,39,Month-to-Month,DSL,0,25.46,992.94,0
838,Male,43,10,One Year,Fiber optic,1,79.95,799.5,1
839,Female,64,25,Month-to-Month,DSL,1,110.24,2756.0,0
840,Male,49,18,Month-to-Month,Fiber optic,0,58.32,1049.76,0
841,Male,27,19,Month-to-Month,No,0,41.63,790.97,0
842,Female,33,36,One Year,Fiber optic,1,64.26,2313.36,1
843,Male,24,10,Two Years,DSL,0,24.84,248.4,1
844,Male,34,33,Month-to-Month,DSL,0,102.05,3367.65,0
845,Male,40,55,Two Years,No,0,102.63,5644.65,1
846,Male,43,50,Month-to-Month,DSL,1,78.8,3940.0,1
847,Female,38,5,Two Years,No,0,55.31,276.55,1
848,Female,39,47,One Year,DSL,0,99.98,4699.06,0
849,Male,24,49,One Year,DSL,0,75.47,3698.03,0
850,Female,31,35,Month-to-Month,No,1,102.59,3590.65,1
851,Male,32,44,Two Years,Fiber optic,1,83.15,3658.6,0
852,Female,24,34,One Year,DSL,0,98.44,3346.96,0
853,Male,26,33,Month-to-Month,Fiber optic,1,79.86,2635.38,0
854,Male,68,55,Month-to-Month,DSL,0,61.41,3377.55,0
855,Male,65,21,One Year,DSL,1,115.79,2431.59,0
856,Male,25,17,One Year,DSL,1,74.11,1259.87,1
857,Male,67,22,Month-to-Month,DSL,0,80.51,1771.22,0
858,Male,40,48,Two Years,Fiber optic,1,42.05,2018.4,0
859,Female,46,37,Two Years,Fiber optic,1,82.57,3055.09,0
860,Male,35,15,Two Years,DSL,1,77.16,1157.4,1
861,Female,48,35,Month-to-Month,DSL,0,38.48,1346.8,1
862,Male,47,28,One Year,Fiber optic,1,25.96,726.88,1
863,Female,69,7,Month-to-Month,No,1,80.44,563.08,0
864,Female,56,32,One Year,No,0,96.37,3083.84,1
865,Female,52,11,Two Years,Fiber optic,1,72.34,795.74,1
866,Male,35,10,Two Years,DSL,1,42.68,426.8,1
867,Male,59,9,One Year,DSL,1,86.65,779.85,1
868,Female,56,14,One Year,No,1,28.01,392.14,0
869,Male,34,13,Month-to-Month,No,1,64.18,834.34,1
870,Female,31,57,Two Years,Fiber optic,0,36.34,2071.38,1
871,Male,48,25,Month-to-Month,No,0,38.45,961.25,0
872,Female,41,2,Month-to-Month,Fiber optic,1,40.23,80.46,0
873,Female,52,35,Month-to-Month,No,1,58.67,2053.45,1
874,Male,61,7,Two Years,No,1,25.12,175.84,0
875,Female,62,21,Month-to-Month,No,0,59.78,1255.38,1
876,Male,51,18,Month-to-Month,DSL,0,71.17,1281.06,0
877,Female,20,3,Month-to-Month,DSL,1,68.33,204.99,0
878,Female,54,42,Month-to-Month,DSL,1,58.28,2447.76,1
879,Male,60,54,Month-to-Month,No,0,103.91,5611.14,0
880,Male,57,39,Month-to-Month,Fiber optic,1,34.53,1346.67,1
881,Male,43,41,Two Years,Fiber optic,0,70.57,2893.37,0
882,Female,40,49,Month-to-Month,Fiber optic,0,26.2,1283.8,1
883,Male,61,11,One Year,Fiber optic,1,27.12,298.32,0
884,Female,56,39,Month-to-Month,DSL,0,77.39,3018.21,0
885,Female,32,24,Month-to-Month,DSL,1,76.6,1838.4,0
886,Male,66,46,Two Years,No,1,107.8,4958.8,0
887,Male,21,19,Two Years,No,1,75.79,1440.01,0
888,Female,46,4,One Year,Fiber optic,1,115.98,463.92,1
889,Female,39,26,One Year,DSL,1,24.87,646.62,0
890,Male,42,38,Two Years,Fiber optic,1,29.8,1132.4,1
891,Male,30,42,Two Years,No,0,24.41,1025.22,1
892,Male,35,32,Month-to-Month,No,0,38.53,1232.96,1
893,Male,50,39,Two Years,Fiber optic,0,74.13,2891.07,0
894,Male,33,45,One Year,No,0,84.56,3805.2,1
895,Female,62,46,Month-to-Month,Fiber optic,1,24.56,1129.76,0
896,Female,59,36,One Year,DSL,0,114.6,4125.6,1
897,Female,61,40,Month-to-Month,Fiber optic,0,104.22,4168.8,1
898,Female,19,37,Two Years,DSL,0,49.66,1837.42,1
899,Male,52,33,One Year,DSL,1,27.72,914.76,1
900,Male,59,36,Month-to-Month,No,0,36.99,1331.64,1
901,Male,51,3,Month-to-Month,No,1,32.69,98.07,0
902,Female,47,9,Two Years,No,0,32.33,290.97,1
903,Female,30,8,Two Years,Fiber optic,1,71.86,574.88,1
904,Male,30,33,Two Years,Fiber optic,1,44.58,1471.14,0
905,Male,35,59,One Year,No,0,55.81,3292.79,0
906,Female,49,6,Month-to-Month,Fiber optic,1,118.95,713.7,0
907,Female,49,41,Two Years,No,1,88.43,3625.63,1
908,Male,52,39,One Year,Fiber optic,0,114.9,4481.1,1
909,Male,56,4,One Year,DSL,0,34.26,137.04,1
910,Female,63,13,One Year,DSL,0,58.21,756.73,1
911,Male,69,49,Two Years,No,1,75.47,3698.03,1
912,Male,46,2,Two Years,Fiber optic,1,27.68,55.36,1
913,Male,66,5,Month-to-Month,Fiber optic,1,20.42,102.1,0
914,Female,46,44,Month-to-Month,DSL,0,87.04,3829.76,0
915,Female,61,27,Two Years,DSL,1,84.18,2272.86,1
916,Female,33,32,One Year,No,1,61.08,1954.56,1
917,Female,61,21,One Year,DSL,1,68.96,1448.16,1
918,Female,64,8,One Year,No,1,61.54,492.32,1
919,Female,27,38,Month-to-Month,DSL,1,22.4,851.2,1
920,Female,47,8,One Year,DSL,1,53.54,428.32,0
921,Male,42,50,Month-to-Month,Fiber optic,1,37.71,1885.5,0
922,Male,56,3,Month-to-Month,DSL,0,29.84,89.52,1
923,Male,37,54,One Year,DSL,0,115.67,6246.18,0
924,Male,22,44,One Year,No,0,79.94,3517.36,1
925,Male,18,58,Two Years,DSL,1,92.87,5386.46,1
926,Male,47,3,Two Years,No,1,51.54,154.62,1
927,Male,66,22,One Year,DSL,0,59.31,1304.82,0
928,Female,20,6,Month-to-Month,DSL,1,43.69,262.14,0
929,Female,62,2,Month-to-Month,No,0,29.7,59.4,1
930,Male,31,23,Month-to-Month,Fiber optic,1,37.9,871.7,0
931,Male,47,44,Month-to-Month,No,1,99.75,4389.0,0
932,Female,67,2,Month-to-Month,No,0,87.75,175.5,1
933,Male,21,38,Two Years,No,0,74.69,2838.22,0
934,Male,35,17,One Year,Fiber optic,0,67.51,1147.67,0
935,Female,54,35,Two Years,DSL,0,112.24,3928.4,1
936,Male,42,34,Month-to-Month,No,0,27.27,927.18,1
937,Female,65,23,Month-to-Month,No,1,48.06,1105.38,0
938,Male,18,30,Month-to-Month,Fiber optic,1,54.99,1649.7,1
939,Female,63,52,Month-to-Month,No,1,98.24,5108.48,0
940,Female,32,8,One Year,DSL,0,119.25,954.0,1
941,Female,26,22,Month-to-Month,Fiber optic,0,44.07,969.54,1
942,Male,32,44,One Year,DSL,0,107.43,4726.92,1
943,Female,66,58,Month-to-Month,DSL,0,103.06,5977.48,1
944,Male,41,36,One Year,Fiber optic,0,42.47,1528.92,0
945,Male,21,5,Two Years,No,0,59.93,299.65,1
946,Male,29,13,Month-to-Month,DSL,1,60.97,792.61,1
947,Male,54,29,One Year,DSL,1,117.82,3416.78,1
948,Female,54,31,Two Years,DSL,1,38.09,1180.79,0
949,Female,60,47,Month-to-Month,DSL,1,99.92,4696.24,0
950,Male,23,57,Month-to-Month,Fiber optic,1,53.42,3044.94,1
951,Male,56,55,Month-to-Month,Fiber optic,0,93.09,5119.95,1
952,Female,63,16,One Year,DSL,0,62.0,992.0,1
953,Male,41,42,One Year,No,0,77.84,3269.28,1
954,Female,28,30,Two Years,DSL,0,103.26,3097.8,1
955,Male,30,57,One Year,No,0,100.42,5723.94,1
956,Male,51,55,One Year,DSL,0,106.64,5865.2,0
957,Female,42,16,Month-to-Month,No,1,25.96,415.36,1
958,Male,24,12,Month-to-Month,DSL,0,89.21,1070.52,1
959,Female,69,17,Month-to-Month,No,0,34.0,578.0,1
960,Male,21,16,Month-to-Month,DSL,0,61.58,985.28,1
961,Male,25,12,Month-to-Month,DSL,0,74.86,898.32,1
962,Male,37,8,Month-to-Month,No,1,60.27,482.16,1
963,Female,46,20,Month-to-Month,Fiber optic,1,71.96,1439.2,0
964,Male,68,3,Two Years,No,0,119.65,358.95,0
965,Male,62,16,Two Years,Fiber optic,1,33.52,536.32,0
966,Male,63,30,Two Years,DSL,1,87.55,2626.5,0
967,Male,27,45,Two Years,No,0,59.6,2682.0,0
968,Female,60,23,Month-to-Month,No,0,33.3,765.9,0
969,Female,51,28,Two Years,No,0,35.87,1004.36,1
970,Male,43,51,Month-to-Month,Fiber optic,0,114.93,5861.43,1
971,Female,58,40,Two Years,Fiber optic,0,107.96,4318.4,1
972,Male,66,54,One Year,DSL,1,110.7,5977.8,1
973,Male,20,5,Two Years,Fiber optic,0,119.15,595.75,1
974,Male,23,20,Two Years,Fiber optic,0,40.83,816.6,1
975,Female,22,40,Month-to-Month,DSL,0,55.54,2221.6,0
976,Female,22,56,Two Years,No,1,86.92,4867.52,1
977,Female,64,44,One Year,No,0,68.38,3008.72,0
978,Female,40,1,Month-to-Month,DSL,0,61.84,61.84,0
979,Female,66,57,Month-to-Month,No,0,55.78,3179.46,1
980,Female,26,30,Two Years,Fiber optic,1,79.38,2381.4,1
981,Female,52,21,Month-to-Month,DSL,0,77.56,1628.76,1
982,Female,37,20,Month-to-Month,DSL,0,36.15,723.0,1
983,Female,66,6,Month-to-Month,DSL,0,67.17,403.02,1
984,Male,59,22,Month-to-Month,No,1,75.35,1657.7,1
985,Female,52,18,Month-to-Month,DSL,0,77.03,1386.54,1
986,Female,67,8,Month-to-Month,DSL,0,41.01,328.08,0
987,Female,35,39,One Year,DSL,0,94.23,3674.97,1
988,Female,34,32,Two Years,No,1,22.52,720.64,1
989,Female,41,33,One Year,Fiber optic,0,55.48,1830.84,0
990,Female,20,53,Month-to-Month,DSL,0,98.02,5195.06,1
991,Female,49,16,Month-to-Month,Fiber optic,0,76.39,1222.24,1
992,Female,52,12,Two Years,No,1,46.12,553.44,0
993,Female,55,38,One Year,No,1,89.5,3401.0,1
994,Female,30,52,Two Years,No,0,76.74,3990.48,1
995,Female,64,34,One Year,No,1,99.62,3387.08,1
996,Male,42,14,Month-to-Month,Fiber optic,1,93.5,1309.0,1
997,Male,26,36,Two Years,DSL,1,81.01,2916.36,1
998,Female,21,33,Two Years,No,0,68.82,2271.06,1
999,Female,31,23,Month-to-Month,No,0,33.32,766.36,0
1000,Male,54,50,Two Years,Fiber optic,1,46.13,2306.5,1
